{
    "rewards": {
        "generic": "<@{0}> answered correctly! Received {1} xp, {2} coins, and {3} gems.",
        "incorrect": "<@{0}> answered incorrectly! Received {1} xp.",
        "flagincorrect": "<@{0}> answered incorrectly! Received {1} xp. \n The correct answer was {2}.",
        "trivia": {
            "incorrect": "<@{0}> answered incorrectly! Received {1} xp. \n The correct answer was {2}."
        },
        "dailyqb": {
            "correct": "<@{0}> answered correctly! Received {1} xp, {2} coins, and {3} gems.",
            "incorrect": "<@{0}> answered incorrectly! Received {1} xp.\nYou can try again in 5 minutes."
        }
    }
}