{"guilds":[{"id":"917476736223043604","members":[{"id":"316243027423395841","xp":21415,"stats":{"math":0,"trivia":0,"unscramble":0,"messagesSent":0},"timerStorage":[{"label":"message","epoch":1714186160682},{"label":"daily","epoch":1711129282701},{"label":"flip","epoch":1711129778022}],"guildID":"917476736223043604","balance":{"bank":0,"wallet":1702},"inventory":{}},{"id":"917476736223043604","xp":3683,"stats":{"math":0,"trivia":0,"unscramble":0,"messagesSent":0},"timerStorage":[],"guildID":"917476736223043604","balance":{"bank":0,"wallet":368},"inventory":{}},{"id":"1209595337740656772","xp":1436,"stats":{"math":0,"trivia":0,"unscramble":0,"messagesSent":0},"timerStorage":[{"label":"message","epoch":1714187028084}],"guildID":"917476736223043604","balance":{"bank":0,"wallet":188},"inventory":{}},{"id":"858202102090301461","xp":269,"stats":{"math":0,"trivia":0,"unscramble":0,"messagesSent":0},"timerStorage":[{"label":"message","epoch":1711461864108}],"guildID":"917476736223043604","balance":{"bank":0,"wallet":40},"inventory":{}},{"id":"585248628281573397","xp":412,"stats":{"math":0,"trivia":0,"unscramble":0,"messagesSent":0},"timerStorage":[{"label":"message","epoch":1714142108787}],"guildID":"917476736223043604","balance":{"bank":0,"wallet":53},"inventory":{}},{"id":"734503726999666698","xp":406,"stats":{"math":0,"trivia":0,"unscramble":0,"messagesSent":0},"timerStorage":[{"label":"message","epoch":1713982240934}],"guildID":"917476736223043604","balance":{"bank":0,"wallet":41},"inventory":{}},{"id":"368357886310481920","xp":100,"stats":{"math":0,"trivia":0,"unscramble":0,"messagesSent":0},"timerStorage":[],"guildID":"917476736223043604","balance":{"bank":0,"wallet":10},"inventory":{}},{"id":"1033480392956719144","xp":37,"stats":{"math":0,"trivia":0,"unscramble":0,"messagesSent":0},"timerStorage":[{"label":"message","epoch":1708629994585}],"guildID":"917476736223043604","balance":{"bank":0,"wallet":2},"inventory":{}},{"id":"795478882710716427","xp":0,"stats":{"math":0,"trivia":0,"unscramble":0,"messagesSent":0},"timerStorage":[],"guildID":"917476736223043604","balance":{"bank":0,"wallet":0},"inventory":{}},{"id":"1149529563773288499","xp":100,"stats":{"math":0,"trivia":0,"unscramble":0,"messagesSent":0},"timerStorage":[],"guildID":"917476736223043604","balance":{"bank":0,"wallet":0},"inventory":{}}],"xp":22533,"settings":{"mainChannel":"1207787515407245365","qbChannel":"1207787515407245365","loggingChannel":false,"maniaChannel":"1210297871748956162","maniaGames":false,"gameThread":false,"gameToggle":false,"leaderboard":false,"countChannel":false,"gameDelay":0}}],"users":[{"id":"316243027423395841","xp":19147,"stats":{"math":0,"trivia":0,"unscramble":0,"messagesSent":0},"timerStorage":[],"pity":0,"namecard":"","gems":445,"inventory":{"cards":[19,15,18,18,17,18,9,4,6,2,9,7]}},{"id":"1033480392956719144","xp":28,"stats":{"math":0,"trivia":0,"unscramble":0,"messagesSent":0},"timerStorage":[],"pity":0,"namecard":"","gems":0,"inventory":{"cards":[]}},{"id":"858202102090301461","xp":41,"stats":{"math":0,"trivia":0,"unscramble":0,"messagesSent":0},"timerStorage":[],"pity":0,"namecard":"","gems":0,"inventory":{"cards":[]}},{"id":"585248628281573397","xp":246,"stats":{"math":0,"trivia":0,"unscramble":0,"messagesSent":0},"timerStorage":[],"pity":0,"namecard":"","gems":0,"inventory":{"cards":[]}},{"id":"734503726999666698","xp":247,"stats":{"math":0,"trivia":0,"unscramble":0,"messagesSent":0},"timerStorage":[],"pity":0,"namecard":"","gems":3,"inventory":{"cards":[]}},{"id":"1209595337740656772","xp":764,"stats":{"math":0,"trivia":0,"unscramble":0,"messagesSent":0},"timerStorage":[],"pity":0,"namecard":"","gems":0,"inventory":{"cards":[]}},{"id":"368357886310481920","xp":0,"stats":{"math":0,"trivia":0,"unscramble":0,"messagesSent":0},"timerStorage":[],"pity":0,"namecard":"","gems":2,"inventory":{"cards":[]}},{"id":"917476736223043604","xp":3483,"stats":{"math":0,"trivia":0,"unscramble":0,"messagesSent":0},"timerStorage":[],"pity":0,"namecard":"","gems":51,"inventory":{"cards":[4,18,2,4]}},{"id":"795478882710716427","xp":0,"stats":{"math":0,"trivia":0,"unscramble":0,"messagesSent":0},"timerStorage":[],"pity":0,"namecard":"","gems":0,"inventory":{"cards":[]}},{"id":"1149529563773288499","xp":0,"stats":{"math":0,"trivia":0,"unscramble":0,"messagesSent":0},"timerStorage":[],"pity":0,"namecard":"","gems":0,"inventory":{"cards":[]}}]}