{"guilds":[{"id":"758884271795994634","members":[{"id":"316243027423395841","xp":233,"stats":{"gamesWon":0,"messagesSent":0},"timerStorage":[],"guildID":"758884271795994634","balance":{"bank":0,"wallet":0},"inventory":{}},{"id":"858202102090301461","xp":0,"stats":{"gamesWon":0,"messagesSent":0},"timerStorage":[],"guildID":"758884271795994634","balance":{"bank":0,"wallet":0},"inventory":{}}],"xp":0,"settings":{"mainChannel":false,"qbChannel":false,"loggingChannel":false,"maniaChannel":false,"maniaGames":false,"gameThread":false,"gameToggle":false,"gameDelay":0}},{"id":"460985130094297095","members":[],"xp":0,"settings":{"mainChannel":false,"qbChannel":false,"loggingChannel":false,"maniaChannel":false,"maniaGames":false,"gameThread":false,"gameToggle":false,"gameDelay":0}},{"id":"702017711630450788","members":[{"id":"316243027423395841","xp":23,"stats":{"gamesWon":0,"messagesSent":0},"timerStorage":[],"guildID":"702017711630450788","balance":{"bank":0,"wallet":0},"inventory":{}}],"xp":0,"settings":{"mainChannel":false,"qbChannel":false,"loggingChannel":false,"maniaChannel":false,"maniaGames":false,"gameThread":false,"gameToggle":false,"gameDelay":0}},{"id":"620258194672975882","members":[{"id":"585248628281573397","xp":2470,"stats":{"gamesWon":0,"messagesSent":0},"timerStorage":[],"guildID":"620258194672975882","balance":{"bank":0,"wallet":0},"inventory":{}},{"id":"316243027423395841","xp":695,"stats":{"gamesWon":0,"messagesSent":0},"timerStorage":[],"guildID":"620258194672975882","balance":{"bank":0,"wallet":0},"inventory":{}},{"id":"461241896828928000","xp":99,"stats":{"gamesWon":0,"messagesSent":0},"timerStorage":[],"guildID":"620258194672975882","balance":{"bank":0,"wallet":0},"inventory":{}},{"id":"285565450081796096","xp":76,"stats":{"gamesWon":0,"messagesSent":0},"timerStorage":[],"guildID":"620258194672975882","balance":{"bank":0,"wallet":0},"inventory":{}},{"id":"486269476908826626","xp":54,"stats":{"gamesWon":0,"messagesSent":0},"timerStorage":[],"guildID":"620258194672975882","balance":{"bank":0,"wallet":0},"inventory":{}},{"id":"992587029126852648","xp":0,"stats":{"gamesWon":0,"messagesSent":0},"timerStorage":[],"guildID":"620258194672975882","balance":{"bank":0,"wallet":0},"inventory":{}},{"id":"799026214731120650","xp":0,"stats":{"gamesWon":0,"messagesSent":0},"timerStorage":[],"guildID":"620258194672975882","balance":{"bank":0,"wallet":0},"inventory":{}}],"xp":0,"settings":{"mainChannel":false,"qbChannel":false,"loggingChannel":false,"maniaChannel":false,"maniaGames":false,"gameThread":false,"gameToggle":false,"gameDelay":0}},{"id":"632995494305464331","members":[{"id":"316243027423395841","xp":33649,"stats":{"gamesWon":0,"messagesSent":0},"timerStorage":[],"guildID":"632995494305464331","balance":{"bank":0,"wallet":0},"inventory":{}},{"id":"461241896828928000","xp":5715,"stats":{"gamesWon":0,"messagesSent":0},"timerStorage":[],"guildID":"632995494305464331","balance":{"bank":0,"wallet":0},"inventory":{}},{"id":"795478882710716427","xp":5656,"stats":{"gamesWon":0,"messagesSent":0},"timerStorage":[],"guildID":"632995494305464331","balance":{"bank":0,"wallet":0},"inventory":{}},{"id":"803267912839200778","xp":3628,"stats":{"gamesWon":0,"messagesSent":0},"timerStorage":[],"guildID":"632995494305464331","balance":{"bank":0,"wallet":0},"inventory":{}},{"id":"916949948434628639","xp":3511,"stats":{"gamesWon":0,"messagesSent":0},"timerStorage":[],"guildID":"632995494305464331","balance":{"bank":0,"wallet":0},"inventory":{}},{"id":"461241711482372096","xp":3009,"stats":{"gamesWon":0,"messagesSent":0},"timerStorage":[],"guildID":"632995494305464331","balance":{"bank":0,"wallet":0},"inventory":{}},{"id":"486269476908826626","xp":1915,"stats":{"gamesWon":0,"messagesSent":0},"timerStorage":[],"guildID":"632995494305464331","balance":{"bank":0,"wallet":0},"inventory":{}},{"id":"771717172090372157","xp":1763,"stats":{"gamesWon":0,"messagesSent":0},"timerStorage":[],"guildID":"632995494305464331","balance":{"bank":0,"wallet":0},"inventory":{}},{"id":"429319899043725313","xp":1545,"stats":{"gamesWon":0,"messagesSent":0},"timerStorage":[],"guildID":"632995494305464331","balance":{"bank":0,"wallet":0},"inventory":{}},{"id":"368357886310481920","xp":1100,"stats":{"gamesWon":0,"messagesSent":0},"timerStorage":[],"guildID":"632995494305464331","balance":{"bank":0,"wallet":0},"inventory":{}},{"id":"443542684670361611","xp":1029,"stats":{"gamesWon":0,"messagesSent":0},"timerStorage":[],"guildID":"632995494305464331","balance":{"bank":0,"wallet":0},"inventory":{}},{"id":"585248628281573397","xp":789,"stats":{"gamesWon":0,"messagesSent":0},"timerStorage":[],"guildID":"632995494305464331","balance":{"bank":0,"wallet":0},"inventory":{}},{"id":"886484857113411624","xp":556,"stats":{"gamesWon":0,"messagesSent":0},"timerStorage":[],"guildID":"632995494305464331","balance":{"bank":0,"wallet":0},"inventory":{}},{"id":"976901256633270279","xp":207,"stats":{"gamesWon":0,"messagesSent":0},"timerStorage":[],"guildID":"632995494305464331","balance":{"bank":0,"wallet":0},"inventory":{}},{"id":"614316005459755012","xp":145,"stats":{"gamesWon":0,"messagesSent":0},"timerStorage":[],"guildID":"632995494305464331","balance":{"bank":0,"wallet":0},"inventory":{}},{"id":"599660729221644288","xp":42,"stats":{"gamesWon":0,"messagesSent":0},"timerStorage":[],"guildID":"632995494305464331","balance":{"bank":0,"wallet":0},"inventory":{}},{"id":"329092517205245973","xp":22,"stats":{"gamesWon":0,"messagesSent":0},"timerStorage":[],"guildID":"632995494305464331","balance":{"bank":0,"wallet":0},"inventory":{}},{"id":"726241530997768202","xp":21,"stats":{"gamesWon":0,"messagesSent":0},"timerStorage":[],"guildID":"632995494305464331","balance":{"bank":0,"wallet":0},"inventory":{}},{"id":"177357551434858496","xp":19,"stats":{"gamesWon":0,"messagesSent":0},"timerStorage":[],"guildID":"632995494305464331","balance":{"bank":0,"wallet":0},"inventory":{}},{"id":"406637775668903948","xp":18,"stats":{"gamesWon":0,"messagesSent":0},"timerStorage":[],"guildID":"632995494305464331","balance":{"bank":0,"wallet":0},"inventory":{}},{"id":"568994247496171538","xp":17,"stats":{"gamesWon":0,"messagesSent":0},"timerStorage":[],"guildID":"632995494305464331","balance":{"bank":0,"wallet":0},"inventory":{}},{"id":"395449560744591362","xp":0,"stats":{"gamesWon":0,"messagesSent":0},"timerStorage":[],"guildID":"632995494305464331","balance":{"bank":0,"wallet":0},"inventory":{}},{"id":"293113902785495050","xp":0,"stats":{"gamesWon":0,"messagesSent":0},"timerStorage":[],"guildID":"632995494305464331","balance":{"bank":0,"wallet":0},"inventory":{}},{"id":"992587029126852648","xp":0,"stats":{"gamesWon":0,"messagesSent":0},"timerStorage":[],"guildID":"632995494305464331","balance":{"bank":0,"wallet":0},"inventory":{}},{"id":"751629879031889940","xp":0,"stats":{"gamesWon":0,"messagesSent":0},"timerStorage":[],"guildID":"632995494305464331","balance":{"bank":0,"wallet":0},"inventory":{}}],"xp":0,"settings":{"mainChannel":false,"qbChannel":false,"loggingChannel":false,"maniaChannel":false,"maniaGames":false,"gameThread":false,"gameToggle":false,"gameDelay":0}},{"id":"711369867286282270","members":[],"xp":0,"settings":{"mainChannel":false,"qbChannel":false,"loggingChannel":false,"maniaChannel":false,"maniaGames":false,"gameThread":false,"gameToggle":false,"gameDelay":0}},{"id":"767117291736399872","members":[],"xp":0,"settings":{"mainChannel":false,"qbChannel":false,"loggingChannel":false,"maniaChannel":false,"maniaGames":false,"gameThread":false,"gameToggle":false,"gameDelay":0}},{"id":"917476736223043604","members":[{"id":"316243027423395841","xp":1001211,"stats":{"gamesWon":0,"messagesSent":0},"timerStorage":[{"label":"daily","epoch":1705779137695},{"label":"message","epoch":1707250213376}],"guildID":"917476736223043604","balance":{"bank":0,"wallet":76},"inventory":{}},{"id":"734503726999666698","xp":27466,"stats":{"gamesWon":0,"messagesSent":0},"timerStorage":[{"label":"message","epoch":1708016669931}],"guildID":"917476736223043604","balance":{"bank":0,"wallet":51},"inventory":{}},{"id":"443542684670361611","xp":10979,"stats":{"gamesWon":0,"messagesSent":0},"timerStorage":[],"guildID":"917476736223043604","balance":{"bank":0,"wallet":0},"inventory":{}},{"id":"1033480392956719144","xp":9590,"stats":{"gamesWon":0,"messagesSent":0},"timerStorage":[{"label":"message","epoch":1707247623192}],"guildID":"917476736223043604","balance":{"bank":0,"wallet":12},"inventory":{}},{"id":"916949948434628639","xp":3435,"stats":{"gamesWon":0,"messagesSent":0},"timerStorage":[],"guildID":"917476736223043604","balance":{"bank":0,"wallet":0},"inventory":{}},{"id":"1149529563773288499","xp":3382,"stats":{"gamesWon":0,"messagesSent":0},"timerStorage":[],"guildID":"917476736223043604","balance":{"bank":0,"wallet":0},"inventory":{}},{"id":"976901256633270279","xp":538,"stats":{"gamesWon":0,"messagesSent":0},"timerStorage":[],"guildID":"917476736223043604","balance":{"bank":0,"wallet":0},"inventory":{}},{"id":"585248628281573397","xp":274,"stats":{"gamesWon":0,"messagesSent":0},"timerStorage":[{"label":"message","epoch":1708096754368}],"guildID":"917476736223043604","balance":{"bank":0,"wallet":47},"inventory":{}},{"id":"858202102090301461","xp":1000013,"stats":{"gamesWon":0,"messagesSent":0},"timerStorage":[{"label":"message","epoch":1708096870337}],"guildID":"917476736223043604","balance":{"bank":0,"wallet":42},"inventory":{}},{"id":"795478882710716427","xp":162,"stats":{"gamesWon":0,"messagesSent":0},"timerStorage":[{"label":"message","epoch":1707919417291}],"guildID":"917476736223043604","balance":{"bank":0,"wallet":24},"inventory":{}},{"id":"568994247496171538","xp":65,"stats":{"gamesWon":0,"messagesSent":0},"timerStorage":[],"guildID":"917476736223043604","balance":{"bank":0,"wallet":0},"inventory":{}},{"id":"368357886310481920","xp":18,"stats":{"gamesWon":0,"messagesSent":0},"timerStorage":[],"guildID":"917476736223043604","balance":{"bank":0,"wallet":0},"inventory":{}},{"id":"618156940618498254","xp":0,"stats":{"gamesWon":0,"messagesSent":0},"timerStorage":[],"guildID":"917476736223043604","balance":{"bank":0,"wallet":0},"inventory":{}},{"id":"914985809948577822","xp":0,"stats":{"gamesWon":0,"messagesSent":0},"timerStorage":[],"guildID":"917476736223043604","balance":{"bank":0,"wallet":0},"inventory":{}}],"xp":0,"settings":{"mainChannel":"1195048388643791000","qbChannel":"1195048388643791000","loggingChannel":false,"maniaChannel":false,"maniaGames":false,"gameThread":"1033170540787138610","gameToggle":false,"gameDelay":0}}],"users":[{"id":"316243027423395841","xp":161,"stats":{"gamesWon":0,"messagesSent":0},"timerStorage":[],"namecard":0,"gems":16},{"id":"858202102090301461","xp":56,"stats":{"gamesWon":0,"messagesSent":0},"timerStorage":[],"namecard":0,"gems":0},{"id":"585248628281573397","xp":49,"stats":{"gamesWon":0,"messagesSent":0},"timerStorage":[],"namecard":0,"gems":0},{"id":"795478882710716427","xp":16,"stats":{"gamesWon":0,"messagesSent":0},"timerStorage":[],"namecard":0,"gems":1},{"id":"734503726999666698","xp":12,"stats":{"gamesWon":0,"messagesSent":0},"timerStorage":[],"namecard":0,"gems":5},{"id":"1033480392956719144","xp":7,"stats":{"gamesWon":0,"messagesSent":0},"timerStorage":[],"namecard":0,"gems":1},{"id":"461241896828928000","xp":0,"stats":{"gamesWon":0,"messagesSent":0},"timerStorage":[],"namecard":0,"gems":0},{"id":"285565450081796096","xp":0,"stats":{"gamesWon":0,"messagesSent":0},"timerStorage":[],"namecard":0,"gems":0},{"id":"486269476908826626","xp":0,"stats":{"gamesWon":0,"messagesSent":0},"timerStorage":[],"namecard":0,"gems":0},{"id":"992587029126852648","xp":0,"stats":{"gamesWon":0,"messagesSent":0},"timerStorage":[],"namecard":0,"gems":0},{"id":"799026214731120650","xp":0,"stats":{"gamesWon":0,"messagesSent":0},"timerStorage":[],"namecard":0,"gems":0},{"id":"803267912839200778","xp":0,"stats":{"gamesWon":0,"messagesSent":0},"timerStorage":[],"namecard":0,"gems":0},{"id":"916949948434628639","xp":0,"stats":{"gamesWon":0,"messagesSent":0},"timerStorage":[],"namecard":0,"gems":0},{"id":"461241711482372096","xp":0,"stats":{"gamesWon":0,"messagesSent":0},"timerStorage":[],"namecard":0,"gems":0},{"id":"771717172090372157","xp":0,"stats":{"gamesWon":0,"messagesSent":0},"timerStorage":[],"namecard":0,"gems":0},{"id":"429319899043725313","xp":0,"stats":{"gamesWon":0,"messagesSent":0},"timerStorage":[],"namecard":0,"gems":0},{"id":"368357886310481920","xp":0,"stats":{"gamesWon":0,"messagesSent":0},"timerStorage":[],"namecard":0,"gems":0},{"id":"443542684670361611","xp":0,"stats":{"gamesWon":0,"messagesSent":0},"timerStorage":[],"namecard":0,"gems":0},{"id":"886484857113411624","xp":0,"stats":{"gamesWon":0,"messagesSent":0},"timerStorage":[],"namecard":0,"gems":0},{"id":"976901256633270279","xp":0,"stats":{"gamesWon":0,"messagesSent":0},"timerStorage":[],"namecard":0,"gems":0},{"id":"614316005459755012","xp":0,"stats":{"gamesWon":0,"messagesSent":0},"timerStorage":[],"namecard":0,"gems":0},{"id":"599660729221644288","xp":0,"stats":{"gamesWon":0,"messagesSent":0},"timerStorage":[],"namecard":0,"gems":0},{"id":"329092517205245973","xp":0,"stats":{"gamesWon":0,"messagesSent":0},"timerStorage":[],"namecard":0,"gems":0},{"id":"726241530997768202","xp":0,"stats":{"gamesWon":0,"messagesSent":0},"timerStorage":[],"namecard":0,"gems":0},{"id":"177357551434858496","xp":0,"stats":{"gamesWon":0,"messagesSent":0},"timerStorage":[],"namecard":0,"gems":0},{"id":"406637775668903948","xp":0,"stats":{"gamesWon":0,"messagesSent":0},"timerStorage":[],"namecard":0,"gems":0},{"id":"568994247496171538","xp":0,"stats":{"gamesWon":0,"messagesSent":0},"timerStorage":[],"namecard":0,"gems":0},{"id":"395449560744591362","xp":0,"stats":{"gamesWon":0,"messagesSent":0},"timerStorage":[],"namecard":0,"gems":0},{"id":"293113902785495050","xp":0,"stats":{"gamesWon":0,"messagesSent":0},"timerStorage":[],"namecard":0,"gems":0},{"id":"751629879031889940","xp":0,"stats":{"gamesWon":0,"messagesSent":0},"timerStorage":[],"namecard":0,"gems":0},{"id":"1149529563773288499","xp":0,"stats":{"gamesWon":0,"messagesSent":0},"timerStorage":[],"namecard":0,"gems":0},{"id":"618156940618498254","xp":0,"stats":{"gamesWon":0,"messagesSent":0},"timerStorage":[],"namecard":0,"gems":0},{"id":"914985809948577822","xp":0,"stats":{"gamesWon":0,"messagesSent":0},"timerStorage":[],"namecard":0,"gems":0}]}